,fa_flight_id,groundspeed,heading,longitude,latitude,timestamp,altitude,Power Setting
0,AIQ736-1678559880-schedule-0710,180.0,209.0,100.60479,13.90525,2023-03-13 18:50:13+00:00,3.0,11895.0
1,AIQ736-1678559880-schedule-0710,180.25,208.9375,100.604395625,13.904536875,2023-03-13 18:50:14+00:00,3.3125,11895.0
2,AIQ736-1678559880-schedule-0710,180.5,208.875,100.60400125,13.90382375,2023-03-13 18:50:15+00:00,3.625,11895.0
3,AIQ736-1678559880-schedule-0710,180.75,208.8125,100.603606875,13.903110625,2023-03-13 18:50:16+00:00,3.9375,11895.0
4,AIQ736-1678559880-schedule-0710,181.0,208.75,100.6032125,13.902397500000001,2023-03-13 18:50:17+00:00,4.25,11895.0
5,AIQ736-1678559880-schedule-0710,181.25,208.6875,100.602818125,13.901684375,2023-03-13 18:50:18+00:00,4.5625,11895.0
6,AIQ736-1678559880-schedule-0710,181.5,208.625,100.60242375,13.900971250000001,2023-03-13 18:50:19+00:00,4.875,11895.0
7,AIQ736-1678559880-schedule-0710,181.75,208.5625,100.602029375,13.900258125,2023-03-13 18:50:20+00:00,5.1875,11895.0
8,AIQ736-1678559880-schedule-0710,182.0,208.5,100.60163499999999,13.899545,2023-03-13 18:50:21+00:00,5.5,11895.0
9,AIQ736-1678559880-schedule-0710,182.25,208.4375,100.60124062499999,13.898831875,2023-03-13 18:50:22+00:00,5.8125,11895.0
10,AIQ736-1678559880-schedule-0710,182.5,208.375,100.60084624999999,13.89811875,2023-03-13 18:50:23+00:00,6.125,11895.0
11,AIQ736-1678559880-schedule-0710,182.75,208.3125,100.60045187499999,13.897405625000001,2023-03-13 18:50:24+00:00,6.4375,11895.0
12,AIQ736-1678559880-schedule-0710,183.0,208.25,100.60005749999999,13.8966925,2023-03-13 18:50:25+00:00,6.75,11895.0
13,AIQ736-1678559880-schedule-0710,183.25,208.1875,100.59966312499999,13.895979375000001,2023-03-13 18:50:26+00:00,7.0625,11895.0
14,AIQ736-1678559880-schedule-0710,183.5,208.125,100.59926875,13.89526625,2023-03-13 18:50:27+00:00,7.375,11895.0
15,AIQ736-1678559880-schedule-0710,183.75,208.0625,100.598874375,13.894553125000002,2023-03-13 18:50:28+00:00,7.6875,11895.0
16,AIQ736-1678559880-schedule-0710,184.0,208.0,100.59848,13.89384,2023-03-13 18:50:29+00:00,8.0,11895.0
17,AIQ736-1678559880-schedule-0710,184.375,208.125,100.598069375,13.893091875000001,2023-03-13 18:50:30+00:00,8.375,11895.0
18,AIQ736-1678559880-schedule-0710,184.75,208.25,100.59765875,13.89234375,2023-03-13 18:50:31+00:00,8.75,11895.0
19,AIQ736-1678559880-schedule-0710,185.125,208.375,100.597248125,13.891595625,2023-03-13 18:50:32+00:00,9.125,11895.0
20,AIQ736-1678559880-schedule-0710,185.5,208.5,100.59683749999999,13.8908475,2023-03-13 18:50:33+00:00,9.5,11895.0
21,AIQ736-1678559880-schedule-0710,185.875,208.625,100.59642687499999,13.890099375,2023-03-13 18:50:34+00:00,9.875,11895.0
22,AIQ736-1678559880-schedule-0710,186.25,208.75,100.59601624999999,13.88935125,2023-03-13 18:50:35+00:00,10.25,11895.0
23,AIQ736-1678559880-schedule-0710,186.625,208.875,100.59560562499999,13.888603125,2023-03-13 18:50:36+00:00,10.625,11895.0
24,AIQ736-1678559880-schedule-0710,187.0,209.0,100.59519499999999,13.887855,2023-03-13 18:50:37+00:00,11.0,11895.0
25,AIQ736-1678559880-schedule-0710,187.375,209.125,100.594784375,13.887106875,2023-03-13 18:50:38+00:00,11.375,11895.0
26,AIQ736-1678559880-schedule-0710,187.75,209.25,100.59437375,13.88635875,2023-03-13 18:50:39+00:00,11.75,11895.0
27,AIQ736-1678559880-schedule-0710,188.125,209.375,100.593963125,13.885610625,2023-03-13 18:50:40+00:00,12.125,11895.0
28,AIQ736-1678559880-schedule-0710,188.5,209.5,100.5935525,13.8848625,2023-03-13 18:50:41+00:00,12.5,11895.0
29,AIQ736-1678559880-schedule-0710,188.875,209.625,100.593141875,13.884114375,2023-03-13 18:50:42+00:00,12.875,11895.0
30,AIQ736-1678559880-schedule-0710,189.25,209.75,100.59273125,13.88336625,2023-03-13 18:50:43+00:00,13.25,11895.0
31,AIQ736-1678559880-schedule-0710,189.625,209.875,100.592320625,13.882618124999999,2023-03-13 18:50:44+00:00,13.625,11895.0
32,AIQ736-1678559880-schedule-0710,190.0,210.0,100.59191,13.88187,2023-03-13 18:50:45+00:00,14.0,11895.0
33,AIQ736-1678559880-schedule-0710,190.0625,210.6875,100.591368125,13.88108875,2023-03-13 18:50:46+00:00,14.4375,11895.0
34,AIQ736-1678559880-schedule-0710,190.125,211.375,100.59082624999999,13.880307499999999,2023-03-13 18:50:47+00:00,14.875,11895.0
35,AIQ736-1678559880-schedule-0710,190.1875,212.0625,100.590284375,13.87952625,2023-03-13 18:50:48+00:00,15.3125,11895.0
36,AIQ736-1678559880-schedule-0710,190.25,212.75,100.5897425,13.878744999999999,2023-03-13 18:50:49+00:00,15.75,11895.0
37,AIQ736-1678559880-schedule-0710,190.3125,213.4375,100.589200625,13.87796375,2023-03-13 18:50:50+00:00,16.1875,11895.0
38,AIQ736-1678559880-schedule-0710,190.375,214.125,100.58865875000001,13.8771825,2023-03-13 18:50:51+00:00,16.625,11895.0
39,AIQ736-1678559880-schedule-0710,190.4375,214.8125,100.588116875,13.876401249999999,2023-03-13 18:50:52+00:00,17.0625,11895.0
40,AIQ736-1678559880-schedule-0710,190.5,215.5,100.587575,13.87562,2023-03-13 18:50:53+00:00,17.5,11895.0
41,AIQ736-1678559880-schedule-0710,190.5625,216.1875,100.587033125,13.87483875,2023-03-13 18:50:54+00:00,17.9375,11895.0
42,AIQ736-1678559880-schedule-0710,190.625,216.875,100.58649125,13.8740575,2023-03-13 18:50:55+00:00,18.375,11895.0
43,AIQ736-1678559880-schedule-0710,190.6875,217.5625,100.585949375,13.87327625,2023-03-13 18:50:56+00:00,18.8125,11895.0
44,AIQ736-1678559880-schedule-0710,190.75,218.25,100.5854075,13.872495,2023-03-13 18:50:57+00:00,19.25,11895.0
45,AIQ736-1678559880-schedule-0710,190.8125,218.9375,100.584865625,13.87171375,2023-03-13 18:50:58+00:00,19.6875,11895.0
46,AIQ736-1678559880-schedule-0710,190.875,219.625,100.58432375000001,13.8709325,2023-03-13 18:50:59+00:00,20.125,11895.0
47,AIQ736-1678559880-schedule-0710,190.9375,220.3125,100.583781875,13.87015125,2023-03-13 18:51:00+00:00,20.5625,11895.0
48,AIQ736-1678559880-schedule-0710,191.0,221.0,100.58324,13.86937,2023-03-13 18:51:01+00:00,21.0,11895.0
49,AIQ736-1678559880-schedule-0710,190.875,222.9375,100.58250000000001,13.86900375,2023-03-13 18:51:02+00:00,21.375,11895.0
50,AIQ736-1678559880-schedule-0710,190.75,224.875,100.58176,13.8686375,2023-03-13 18:51:03+00:00,21.75,11895.0
51,AIQ736-1678559880-schedule-0710,190.625,226.8125,100.58102,13.86827125,2023-03-13 18:51:04+00:00,22.125,11895.0
52,AIQ736-1678559880-schedule-0710,190.5,228.75,100.58028,13.867905,2023-03-13 18:51:05+00:00,22.5,11895.0
53,AIQ736-1678559880-schedule-0710,190.375,230.6875,100.57954000000001,13.86753875,2023-03-13 18:51:06+00:00,22.875,11895.0
54,AIQ736-1678559880-schedule-0710,190.25,232.625,100.5788,13.8671725,2023-03-13 18:51:07+00:00,23.25,11895.0
55,AIQ736-1678559880-schedule-0710,190.125,234.5625,100.57806,13.86680625,2023-03-13 18:51:08+00:00,23.625,11895.0
56,AIQ736-1678559880-schedule-0710,190.0,236.5,100.57732,13.86644,2023-03-13 18:51:09+00:00,24.0,11895.0
57,AIQ736-1678559880-schedule-0710,189.875,238.4375,100.57658,13.86607375,2023-03-13 18:51:10+00:00,24.375,11895.0
58,AIQ736-1678559880-schedule-0710,189.75,240.375,100.57584,13.8657075,2023-03-13 18:51:11+00:00,24.75,11895.0
59,AIQ736-1678559880-schedule-0710,189.625,242.3125,100.57509999999999,13.86534125,2023-03-13 18:51:12+00:00,25.125,11895.0
60,AIQ736-1678559880-schedule-0710,189.5,244.25,100.57436,13.864975,2023-03-13 18:51:13+00:00,25.5,11895.0
61,AIQ736-1678559880-schedule-0710,189.375,246.1875,100.57362,13.86460875,2023-03-13 18:51:14+00:00,25.875,11895.0
62,AIQ736-1678559880-schedule-0710,189.25,248.125,100.57288,13.8642425,2023-03-13 18:51:15+00:00,26.25,11895.0
63,AIQ736-1678559880-schedule-0710,189.125,250.0625,100.57213999999999,13.86387625,2023-03-13 18:51:16+00:00,26.625,11895.0
64,AIQ736-1678559880-schedule-0710,189.0,252.0,100.5714,13.86351,2023-03-13 18:51:17+00:00,27.0,11895.0
65,AIQ736-1678559880-schedule-0710,189.0625,252.3125,100.57050625,13.86328125,2023-03-13 18:51:18+00:00,27.375,11895.0
66,AIQ736-1678559880-schedule-0710,189.125,252.625,100.5696125,13.8630525,2023-03-13 18:51:19+00:00,27.75,11895.0
67,AIQ736-1678559880-schedule-0710,189.1875,252.9375,100.56871875,13.86282375,2023-03-13 18:51:20+00:00,28.125,11895.0
68,AIQ736-1678559880-schedule-0710,189.25,253.25,100.567825,13.862594999999999,2023-03-13 18:51:21+00:00,28.5,11895.0
69,AIQ736-1678559880-schedule-0710,189.3125,253.5625,100.56693125,13.86236625,2023-03-13 18:51:22+00:00,28.875,11895.0
70,AIQ736-1678559880-schedule-0710,189.375,253.875,100.5660375,13.8621375,2023-03-13 18:51:23+00:00,29.25,11895.0
71,AIQ736-1678559880-schedule-0710,189.4375,254.1875,100.56514375,13.86190875,2023-03-13 18:51:24+00:00,29.625,11895.0
72,AIQ736-1678559880-schedule-0710,189.5,254.5,100.56425,13.86168,2023-03-13 18:51:25+00:00,30.0,11895.0
73,AIQ736-1678559880-schedule-0710,189.5625,254.8125,100.56335625,13.86145125,2023-03-13 18:51:26+00:00,30.375,11895.0
74,AIQ736-1678559880-schedule-0710,189.625,255.125,100.56246250000001,13.8612225,2023-03-13 18:51:27+00:00,30.75,11895.0
75,AIQ736-1678559880-schedule-0710,189.6875,255.4375,100.56156875,13.86099375,2023-03-13 18:51:28+00:00,31.125,11895.0
76,AIQ736-1678559880-schedule-0710,189.75,255.75,100.560675,13.860764999999999,2023-03-13 18:51:29+00:00,31.5,11895.0
77,AIQ736-1678559880-schedule-0710,189.8125,256.0625,100.55978125,13.86053625,2023-03-13 18:51:30+00:00,31.875,11895.0
78,AIQ736-1678559880-schedule-0710,189.875,256.375,100.5588875,13.8603075,2023-03-13 18:51:31+00:00,32.25,11895.0
79,AIQ736-1678559880-schedule-0710,189.9375,256.6875,100.55799375000001,13.86007875,2023-03-13 18:51:32+00:00,32.625,11895.0
80,AIQ736-1678559880-schedule-0710,190.0,257.0,100.5571,13.85985,2023-03-13 18:51:33+00:00,33.0,11895.0
81,AIQ736-1678559880-schedule-0710,191.1875,256.9375,100.55619187500001,13.8596325,2023-03-13 18:51:34+00:00,33.25,11895.0
82,AIQ736-1678559880-schedule-0710,192.375,256.875,100.55528375,13.859415,2023-03-13 18:51:35+00:00,33.5,11895.0
83,AIQ736-1678559880-schedule-0710,193.5625,256.8125,100.554375625,13.8591975,2023-03-13 18:51:36+00:00,33.75,11895.0
84,AIQ736-1678559880-schedule-0710,194.75,256.75,100.55346750000001,13.858979999999999,2023-03-13 18:51:37+00:00,34.0,11895.0
85,AIQ736-1678559880-schedule-0710,195.9375,256.6875,100.552559375,13.8587625,2023-03-13 18:51:38+00:00,34.25,11895.0
86,AIQ736-1678559880-schedule-0710,197.125,256.625,100.55165125,13.858545,2023-03-13 18:51:39+00:00,34.5,11895.0
87,AIQ736-1678559880-schedule-0710,198.3125,256.5625,100.550743125,13.8583275,2023-03-13 18:51:40+00:00,34.75,11895.0
88,AIQ736-1678559880-schedule-0710,199.5,256.5,100.549835,13.85811,2023-03-13 18:51:41+00:00,35.0,11895.0
89,AIQ736-1678559880-schedule-0710,200.6875,256.4375,100.548926875,13.8578925,2023-03-13 18:51:42+00:00,35.25,11895.0
90,AIQ736-1678559880-schedule-0710,201.875,256.375,100.54801875,13.857675,2023-03-13 18:51:43+00:00,35.5,11895.0
91,AIQ736-1678559880-schedule-0710,203.0625,256.3125,100.547110625,13.8574575,2023-03-13 18:51:44+00:00,35.75,11895.0
92,AIQ736-1678559880-schedule-0710,204.25,256.25,100.54620249999999,13.857240000000001,2023-03-13 18:51:45+00:00,36.0,11895.0
93,AIQ736-1678559880-schedule-0710,205.4375,256.1875,100.545294375,13.8570225,2023-03-13 18:51:46+00:00,36.25,11895.0
94,AIQ736-1678559880-schedule-0710,206.625,256.125,100.54438625,13.856805,2023-03-13 18:51:47+00:00,36.5,11895.0
95,AIQ736-1678559880-schedule-0710,207.8125,256.0625,100.543478125,13.8565875,2023-03-13 18:51:48+00:00,36.75,11895.0
96,AIQ736-1678559880-schedule-0710,209.0,256.0,100.54257,13.85637,2023-03-13 18:51:49+00:00,37.0,11895.0
97,AIQ736-1678559880-schedule-0710,210.46666666666667,255.96666666666667,100.541467,13.856082666666667,2023-03-13 18:51:50+00:00,37.2,11881.198333333334
98,AIQ736-1678559880-schedule-0710,211.93333333333334,255.93333333333334,100.540364,13.855795333333333,2023-03-13 18:51:51+00:00,37.4,11837.821666666667
99,AIQ736-1678559880-schedule-0710,213.4,255.9,100.539261,13.855508,2023-03-13 18:51:52+00:00,37.6,11794.445
100,AIQ736-1678559880-schedule-0710,214.86666666666667,255.86666666666667,100.538158,13.855220666666666,2023-03-13 18:51:53+00:00,37.8,11751.068333333333
101,AIQ736-1678559880-schedule-0710,216.33333333333334,255.83333333333334,100.537055,13.854933333333333,2023-03-13 18:51:54+00:00,38.0,11707.691666666666
102,AIQ736-1678559880-schedule-0710,217.8,255.8,100.535952,13.854646,2023-03-13 18:51:55+00:00,38.2,11664.315
103,AIQ736-1678559880-schedule-0710,219.26666666666665,255.76666666666668,100.534849,13.854358666666666,2023-03-13 18:51:56+00:00,38.4,11620.938333333334
104,AIQ736-1678559880-schedule-0710,220.73333333333332,255.73333333333332,100.533746,13.854071333333334,2023-03-13 18:51:57+00:00,38.6,11577.561666666666
105,AIQ736-1678559880-schedule-0710,222.2,255.7,100.532643,13.853784,2023-03-13 18:51:58+00:00,38.8,11534.185
106,AIQ736-1678559880-schedule-0710,223.66666666666666,255.66666666666666,100.53153999999999,13.853496666666667,2023-03-13 18:51:59+00:00,39.0,11490.808333333334
107,AIQ736-1678559880-schedule-0710,225.13333333333333,255.63333333333333,100.53043699999999,13.853209333333334,2023-03-13 18:52:00+00:00,39.2,11447.431666666667
108,AIQ736-1678559880-schedule-0710,226.6,255.6,100.52933399999999,13.852922,2023-03-13 18:52:01+00:00,39.4,11404.055
109,AIQ736-1678559880-schedule-0710,228.06666666666666,255.56666666666666,100.52823099999999,13.852634666666667,2023-03-13 18:52:02+00:00,39.6,11360.678333333333
110,AIQ736-1678559880-schedule-0710,229.53333333333333,255.53333333333333,100.52712799999999,13.852347333333332,2023-03-13 18:52:03+00:00,39.8,11317.301666666666
111,AIQ736-1678559880-schedule-0710,231.0,255.5,100.526025,13.85206,2023-03-13 18:52:04+00:00,40.0,11273.925
112,AIQ736-1678559880-schedule-0710,232.46666666666667,255.46666666666667,100.524922,13.851772666666667,2023-03-13 18:52:05+00:00,40.2,11230.548333333334
113,AIQ736-1678559880-schedule-0710,233.93333333333334,255.43333333333334,100.523819,13.851485333333333,2023-03-13 18:52:06+00:00,40.4,11187.171666666667
114,AIQ736-1678559880-schedule-0710,235.4,255.4,100.522716,13.851198,2023-03-13 18:52:07+00:00,40.6,11143.795
115,AIQ736-1678559880-schedule-0710,236.86666666666667,255.36666666666667,100.521613,13.850910666666666,2023-03-13 18:52:08+00:00,40.8,11100.418333333333
116,AIQ736-1678559880-schedule-0710,238.33333333333334,255.33333333333334,100.52051,13.850623333333333,2023-03-13 18:52:09+00:00,41.0,11057.041666666666
117,AIQ736-1678559880-schedule-0710,239.8,255.3,100.519407,13.850336,2023-03-13 18:52:10+00:00,41.2,11013.664999999999
118,AIQ736-1678559880-schedule-0710,241.26666666666665,255.26666666666668,100.518304,13.850048666666666,2023-03-13 18:52:11+00:00,41.4,10970.288333333334
119,AIQ736-1678559880-schedule-0710,242.73333333333335,255.23333333333332,100.517201,13.849761333333333,2023-03-13 18:52:12+00:00,41.6,10926.911666666667
120,AIQ736-1678559880-schedule-0710,244.2,255.2,100.516098,13.849473999999999,2023-03-13 18:52:13+00:00,41.8,10883.535
121,AIQ736-1678559880-schedule-0710,245.66666666666666,255.16666666666666,100.514995,13.849186666666666,2023-03-13 18:52:14+00:00,42.0,10840.158333333333
122,AIQ736-1678559880-schedule-0710,247.13333333333333,255.13333333333333,100.513892,13.848899333333334,2023-03-13 18:52:15+00:00,42.2,10796.781666666668
123,AIQ736-1678559880-schedule-0710,248.6,255.1,100.512789,13.848612,2023-03-13 18:52:16+00:00,42.4,10753.405
124,AIQ736-1678559880-schedule-0710,250.06666666666666,255.06666666666666,100.511686,13.848324666666667,2023-03-13 18:52:17+00:00,42.6,10712.0
125,AIQ736-1678559880-schedule-0710,251.53333333333333,255.03333333333333,100.510583,13.848037333333332,2023-03-13 18:52:18+00:00,42.8,10712.0
126,AIQ736-1678559880-schedule-0710,253.0,255.0,100.50948,13.84775,2023-03-13 18:52:19+00:00,43.0,10712.0
127,AIQ736-1678559880-schedule-0710,253.88888888888889,254.77777777777777,100.50822944444444,13.847382222222222,2023-03-13 18:52:20+00:00,43.22222222222222,10712.0
128,AIQ736-1678559880-schedule-0710,254.77777777777777,254.55555555555554,100.50697888888888,13.847014444444444,2023-03-13 18:52:21+00:00,43.44444444444444,10712.0
129,AIQ736-1678559880-schedule-0710,255.66666666666666,254.33333333333334,100.50572833333334,13.846646666666667,2023-03-13 18:52:22+00:00,43.666666666666664,10712.0
130,AIQ736-1678559880-schedule-0710,256.55555555555554,254.11111111111111,100.50447777777778,13.846278888888888,2023-03-13 18:52:23+00:00,43.888888888888886,10712.0
131,AIQ736-1678559880-schedule-0710,257.44444444444446,253.88888888888889,100.50322722222222,13.84591111111111,2023-03-13 18:52:24+00:00,44.111111111111114,10712.0
132,AIQ736-1678559880-schedule-0710,258.3333333333333,253.66666666666666,100.50197666666666,13.845543333333334,2023-03-13 18:52:25+00:00,44.333333333333336,10712.0
133,AIQ736-1678559880-schedule-0710,259.22222222222223,253.44444444444446,100.5007261111111,13.845175555555555,2023-03-13 18:52:26+00:00,44.55555555555556,10712.0
134,AIQ736-1678559880-schedule-0710,260.1111111111111,253.22222222222223,100.49947555555555,13.844807777777778,2023-03-13 18:52:27+00:00,44.77777777777778,10712.0
135,AIQ736-1678559880-schedule-0710,261.0,253.0,100.49822499999999,13.844439999999999,2023-03-13 18:52:28+00:00,45.0,10712.0
136,AIQ736-1678559880-schedule-0710,261.8888888888889,252.77777777777777,100.49697444444445,13.844072222222222,2023-03-13 18:52:29+00:00,45.22222222222222,10712.0
137,AIQ736-1678559880-schedule-0710,262.77777777777777,252.55555555555554,100.49572388888889,13.843704444444445,2023-03-13 18:52:30+00:00,45.44444444444444,10712.0
138,AIQ736-1678559880-schedule-0710,263.6666666666667,252.33333333333334,100.49447333333333,13.843336666666666,2023-03-13 18:52:31+00:00,45.666666666666664,10712.0
139,AIQ736-1678559880-schedule-0710,264.55555555555554,252.11111111111111,100.49322277777777,13.842968888888889,2023-03-13 18:52:32+00:00,45.888888888888886,10712.0
140,AIQ736-1678559880-schedule-0710,265.44444444444446,251.88888888888889,100.49197222222222,13.842601111111112,2023-03-13 18:52:33+00:00,46.111111111111114,10712.0
141,AIQ736-1678559880-schedule-0710,266.3333333333333,251.66666666666666,100.49072166666667,13.842233333333333,2023-03-13 18:52:34+00:00,46.333333333333336,10712.0
142,AIQ736-1678559880-schedule-0710,267.22222222222223,251.44444444444446,100.48947111111111,13.841865555555556,2023-03-13 18:52:35+00:00,46.55555555555556,10712.0
143,AIQ736-1678559880-schedule-0710,268.1111111111111,251.22222222222223,100.48822055555556,13.841497777777777,2023-03-13 18:52:36+00:00,46.77777777777778,10712.0
144,AIQ736-1678559880-schedule-0710,269.0,251.0,100.48697,13.84113,2023-03-13 18:52:37+00:00,47.0,10712.0
145,AIQ736-1678559880-schedule-0710,269.3125,249.3125,100.485999375,13.840423125,2023-03-13 18:52:38+00:00,47.4375,10712.0
146,AIQ736-1678559880-schedule-0710,269.625,247.625,100.48502875,13.83971625,2023-03-13 18:52:39+00:00,47.875,10712.0
147,AIQ736-1678559880-schedule-0710,269.9375,245.9375,100.484058125,13.839009375,2023-03-13 18:52:40+00:00,48.3125,10712.0
148,AIQ736-1678559880-schedule-0710,270.25,244.25,100.4830875,13.8383025,2023-03-13 18:52:41+00:00,48.75,10712.0
149,AIQ736-1678559880-schedule-0710,270.5625,242.5625,100.482116875,13.837595625,2023-03-13 18:52:42+00:00,49.1875,10712.0
150,AIQ736-1678559880-schedule-0710,270.875,240.875,100.48114625,13.83688875,2023-03-13 18:52:43+00:00,49.625,10712.0
151,AIQ736-1678559880-schedule-0710,271.1875,239.1875,100.480175625,13.836181875,2023-03-13 18:52:44+00:00,50.0625,10712.0
152,AIQ736-1678559880-schedule-0710,271.5,237.5,100.479205,13.835474999999999,2023-03-13 18:52:45+00:00,50.5,10712.0
153,AIQ736-1678559880-schedule-0710,271.8125,235.8125,100.478234375,13.834768125,2023-03-13 18:52:46+00:00,50.9375,10712.0
154,AIQ736-1678559880-schedule-0710,272.125,234.125,100.47726375,13.83406125,2023-03-13 18:52:47+00:00,51.375,10712.0
155,AIQ736-1678559880-schedule-0710,272.4375,232.4375,100.476293125,13.833354374999999,2023-03-13 18:52:48+00:00,51.8125,10712.0
156,AIQ736-1678559880-schedule-0710,272.75,230.75,100.4753225,13.8326475,2023-03-13 18:52:49+00:00,52.25,10712.0
157,AIQ736-1678559880-schedule-0710,273.0625,229.0625,100.474351875,13.831940625,2023-03-13 18:52:50+00:00,52.6875,10712.0
158,AIQ736-1678559880-schedule-0710,273.375,227.375,100.47338125,13.831233749999999,2023-03-13 18:52:51+00:00,53.125,10712.0
159,AIQ736-1678559880-schedule-0710,273.6875,225.6875,100.472410625,13.830526875,2023-03-13 18:52:52+00:00,53.5625,10712.0
160,AIQ736-1678559880-schedule-0710,274.0,224.0,100.47144,13.82982,2023-03-13 18:52:53+00:00,54.0,10712.0
161,AIQ736-1678559880-schedule-0710,274.5,222.25,100.470865625,13.828669999999999,2023-03-13 18:52:54+00:00,54.3125,10712.0
162,AIQ736-1678559880-schedule-0710,275.0,220.5,100.47029125,13.82752,2023-03-13 18:52:55+00:00,54.625,10712.0
163,AIQ736-1678559880-schedule-0710,275.5,218.75,100.469716875,13.82637,2023-03-13 18:52:56+00:00,54.9375,10712.0
164,AIQ736-1678559880-schedule-0710,276.0,217.0,100.4691425,13.82522,2023-03-13 18:52:57+00:00,55.25,10712.0
165,AIQ736-1678559880-schedule-0710,276.5,215.25,100.468568125,13.824069999999999,2023-03-13 18:52:58+00:00,55.5625,10712.0
166,AIQ736-1678559880-schedule-0710,277.0,213.5,100.46799375,13.82292,2023-03-13 18:52:59+00:00,55.875,10712.0
167,AIQ736-1678559880-schedule-0710,277.5,211.75,100.467419375,13.82177,2023-03-13 18:53:00+00:00,56.1875,10712.0
168,AIQ736-1678559880-schedule-0710,278.0,210.0,100.466845,13.82062,2023-03-13 18:53:01+00:00,56.5,10712.0
169,AIQ736-1678559880-schedule-0710,278.5,208.25,100.46627062499999,13.819469999999999,2023-03-13 18:53:02+00:00,56.8125,10712.0
170,AIQ736-1678559880-schedule-0710,279.0,206.5,100.46569625,13.81832,2023-03-13 18:53:03+00:00,57.125,10712.0
171,AIQ736-1678559880-schedule-0710,279.5,204.75,100.465121875,13.81717,2023-03-13 18:53:04+00:00,57.4375,10712.0
172,AIQ736-1678559880-schedule-0710,280.0,203.0,100.4645475,13.81602,2023-03-13 18:53:05+00:00,57.75,10712.0
173,AIQ736-1678559880-schedule-0710,280.5,201.25,100.463973125,13.814869999999999,2023-03-13 18:53:06+00:00,58.0625,10712.0
174,AIQ736-1678559880-schedule-0710,281.0,199.5,100.46339875,13.81372,2023-03-13 18:53:07+00:00,58.375,10712.0
175,AIQ736-1678559880-schedule-0710,281.5,197.75,100.462824375,13.812570000000001,2023-03-13 18:53:08+00:00,58.6875,10712.0
176,AIQ736-1678559880-schedule-0710,282.0,196.0,100.46225,13.81142,2023-03-13 18:53:09+00:00,59.0,10712.0
177,AIQ736-1678559880-schedule-0710,282.36842105263156,195.6315789473684,100.46203578947369,13.810102105263159,2023-03-13 18:53:10+00:00,59.421052631578945,10712.0
178,AIQ736-1678559880-schedule-0710,282.7368421052632,195.26315789473685,100.46182157894737,13.808784210526316,2023-03-13 18:53:11+00:00,59.8421052631579,10712.0
179,AIQ736-1678559880-schedule-0710,283.10526315789474,194.89473684210526,100.46160736842106,13.807466315789474,2023-03-13 18:53:12+00:00,60.26315789473684,10712.0
180,AIQ736-1678559880-schedule-0710,283.4736842105263,194.52631578947367,100.46139315789473,13.806148421052631,2023-03-13 18:53:13+00:00,60.68421052631579,10712.0
181,AIQ736-1678559880-schedule-0710,283.8421052631579,194.1578947368421,100.46117894736842,13.80483052631579,2023-03-13 18:53:14+00:00,61.10526315789474,10712.0
182,AIQ736-1678559880-schedule-0710,284.2105263157895,193.78947368421052,100.4609647368421,13.803512631578947,2023-03-13 18:53:15+00:00,61.526315789473685,10712.0
183,AIQ736-1678559880-schedule-0710,284.57894736842104,193.42105263157896,100.46075052631579,13.802194736842106,2023-03-13 18:53:16+00:00,61.94736842105263,10712.0
184,AIQ736-1678559880-schedule-0710,284.94736842105266,193.05263157894737,100.46053631578947,13.800876842105263,2023-03-13 18:53:17+00:00,62.368421052631575,10712.0
185,AIQ736-1678559880-schedule-0710,285.3157894736842,192.68421052631578,100.46032210526316,13.799558947368421,2023-03-13 18:53:18+00:00,62.78947368421053,10712.0
186,AIQ736-1678559880-schedule-0710,285.6842105263158,192.31578947368422,100.46010789473684,13.798241052631578,2023-03-13 18:53:19+00:00,63.21052631578947,10712.0
187,AIQ736-1678559880-schedule-0710,286.05263157894734,191.94736842105263,100.45989368421053,13.796923157894737,2023-03-13 18:53:20+00:00,63.631578947368425,10712.0
188,AIQ736-1678559880-schedule-0710,286.42105263157896,191.57894736842104,100.4596794736842,13.795605263157894,2023-03-13 18:53:21+00:00,64.05263157894737,10712.0
189,AIQ736-1678559880-schedule-0710,286.7894736842105,191.21052631578948,100.4594652631579,13.794287368421053,2023-03-13 18:53:22+00:00,64.47368421052632,10712.0
190,AIQ736-1678559880-schedule-0710,287.1578947368421,190.8421052631579,100.45925105263157,13.79296947368421,2023-03-13 18:53:23+00:00,64.89473684210526,10712.0
191,AIQ736-1678559880-schedule-0710,287.5263157894737,190.47368421052633,100.45903684210526,13.791651578947368,2023-03-13 18:53:24+00:00,65.3157894736842,10712.0
192,AIQ736-1678559880-schedule-0710,287.89473684210526,190.10526315789474,100.45882263157894,13.790333684210525,2023-03-13 18:53:25+00:00,65.73684210526315,10712.0
193,AIQ736-1678559880-schedule-0710,288.2631578947368,189.73684210526315,100.45860842105263,13.789015789473684,2023-03-13 18:53:26+00:00,66.15789473684211,10712.0
194,AIQ736-1678559880-schedule-0710,288.63157894736844,189.3684210526316,100.45839421052631,13.78769789473684,2023-03-13 18:53:27+00:00,66.57894736842105,10712.0
195,AIQ736-1678559880-schedule-0710,289.0,189.0,100.45818,13.78638,2023-03-13 18:53:28+00:00,67.0,10712.0
196,AIQ736-1678559880-schedule-0710,289.3333333333333,189.07407407407408,100.45792740740741,13.78498962962963,2023-03-13 18:53:29+00:00,67.48148148148148,10712.0
197,AIQ736-1678559880-schedule-0710,289.6666666666667,189.14814814814815,100.45767481481481,13.783599259259258,2023-03-13 18:53:30+00:00,67.96296296296296,10712.0
198,AIQ736-1678559880-schedule-0710,290.0,189.22222222222223,100.45742222222222,13.782208888888889,2023-03-13 18:53:31+00:00,68.44444444444444,10712.0
199,AIQ736-1678559880-schedule-0710,290.3333333333333,189.2962962962963,100.45716962962963,13.780818518518519,2023-03-13 18:53:32+00:00,68.92592592592592,10712.0
200,AIQ736-1678559880-schedule-0710,290.6666666666667,189.37037037037038,100.45691703703703,13.779428148148147,2023-03-13 18:53:33+00:00,69.4074074074074,10712.0
201,AIQ736-1678559880-schedule-0710,291.0,189.44444444444446,100.45666444444444,13.778037777777778,2023-03-13 18:53:34+00:00,69.88888888888889,10712.0
202,AIQ736-1678559880-schedule-0710,291.3333333333333,189.5185185185185,100.45641185185185,13.776647407407406,2023-03-13 18:53:35+00:00,70.37037037037037,10712.0
203,AIQ736-1678559880-schedule-0710,291.6666666666667,189.59259259259258,100.45615925925925,13.775257037037036,2023-03-13 18:53:36+00:00,70.85185185185185,10712.0
204,AIQ736-1678559880-schedule-0710,292.0,189.66666666666666,100.45590666666666,13.773866666666667,2023-03-13 18:53:37+00:00,71.33333333333333,10712.0
205,AIQ736-1678559880-schedule-0710,292.3333333333333,189.74074074074073,100.45565407407408,13.772476296296295,2023-03-13 18:53:38+00:00,71.81481481481481,10712.0
206,AIQ736-1678559880-schedule-0710,292.6666666666667,189.8148148148148,100.45540148148147,13.771085925925926,2023-03-13 18:53:39+00:00,72.29629629629629,10712.0
207,AIQ736-1678559880-schedule-0710,293.0,189.88888888888889,100.45514888888889,13.769695555555556,2023-03-13 18:53:40+00:00,72.77777777777777,10712.0
208,AIQ736-1678559880-schedule-0710,293.3333333333333,189.96296296296296,100.4548962962963,13.768305185185184,2023-03-13 18:53:41+00:00,73.25925925925925,10712.0
209,AIQ736-1678559880-schedule-0710,293.6666666666667,190.03703703703704,100.4546437037037,13.766914814814815,2023-03-13 18:53:42+00:00,73.74074074074073,10712.0
210,AIQ736-1678559880-schedule-0710,294.0,190.11111111111111,100.45439111111111,13.765524444444443,2023-03-13 18:53:43+00:00,74.22222222222223,10712.0
211,AIQ736-1678559880-schedule-0710,294.3333333333333,190.1851851851852,100.45413851851852,13.764134074074073,2023-03-13 18:53:44+00:00,74.70370370370371,10712.0
212,AIQ736-1678559880-schedule-0710,294.6666666666667,190.25925925925927,100.45388592592592,13.762743703703704,2023-03-13 18:53:45+00:00,75.18518518518519,10712.0
213,AIQ736-1678559880-schedule-0710,295.0,190.33333333333334,100.45363333333333,13.761353333333332,2023-03-13 18:53:46+00:00,75.66666666666667,10712.0
214,AIQ736-1678559880-schedule-0710,295.3333333333333,190.40740740740742,100.45338074074074,13.759962962962963,2023-03-13 18:53:47+00:00,76.14814814814815,10712.0
215,AIQ736-1678559880-schedule-0710,295.6666666666667,190.4814814814815,100.45312814814814,13.758572592592593,2023-03-13 18:53:48+00:00,76.62962962962963,10712.0
216,AIQ736-1678559880-schedule-0710,296.0,190.55555555555554,100.45287555555555,13.757182222222221,2023-03-13 18:53:49+00:00,77.11111111111111,10712.0
217,AIQ736-1678559880-schedule-0710,296.3333333333333,190.62962962962962,100.45262296296296,13.755791851851852,2023-03-13 18:53:50+00:00,77.5925925925926,10712.0
218,AIQ736-1678559880-schedule-0710,296.6666666666667,190.7037037037037,100.45237037037036,13.75440148148148,2023-03-13 18:53:51+00:00,78.07407407407408,10712.0
219,AIQ736-1678559880-schedule-0710,297.0,190.77777777777777,100.45211777777777,13.75301111111111,2023-03-13 18:53:52+00:00,78.55555555555556,10712.0
220,AIQ736-1678559880-schedule-0710,297.3333333333333,190.85185185185185,100.45186518518518,13.75162074074074,2023-03-13 18:53:53+00:00,79.03703703703704,10712.0
221,AIQ736-1678559880-schedule-0710,297.6666666666667,190.92592592592592,100.45161259259258,13.75023037037037,2023-03-13 18:53:54+00:00,79.51851851851852,10712.0
222,AIQ736-1678559880-schedule-0710,298.0,191.0,100.45136,13.74884,2023-03-13 18:53:55+00:00,80.0,10712.0
223,AIQ736-1678559880-schedule-0710,298.08,190.84,100.45112719999999,13.747506399999999,2023-03-13 18:53:56+00:00,80.44,10712.0
224,AIQ736-1678559880-schedule-0710,298.16,190.68,100.4508944,13.7461728,2023-03-13 18:53:57+00:00,80.88,10712.0
225,AIQ736-1678559880-schedule-0710,298.24,190.52,100.45066159999999,13.7448392,2023-03-13 18:53:58+00:00,81.32,10712.0
226,AIQ736-1678559880-schedule-0710,298.32,190.36,100.4504288,13.743505599999999,2023-03-13 18:53:59+00:00,81.76,10712.0
227,AIQ736-1678559880-schedule-0710,298.4,190.2,100.45019599999999,13.742172,2023-03-13 18:54:00+00:00,82.2,10712.0
228,AIQ736-1678559880-schedule-0710,298.48,190.04,100.4499632,13.7408384,2023-03-13 18:54:01+00:00,82.64,10712.0
229,AIQ736-1678559880-schedule-0710,298.56,189.88,100.44973039999999,13.7395048,2023-03-13 18:54:02+00:00,83.08,10712.0
230,AIQ736-1678559880-schedule-0710,298.64,189.72,100.4494976,13.7381712,2023-03-13 18:54:03+00:00,83.52,10712.0
231,AIQ736-1678559880-schedule-0710,298.72,189.56,100.4492648,13.7368376,2023-03-13 18:54:04+00:00,83.96,10712.0
232,AIQ736-1678559880-schedule-0710,298.8,189.4,100.44903199999999,13.735504,2023-03-13 18:54:05+00:00,84.4,10712.0
233,AIQ736-1678559880-schedule-0710,298.88,189.24,100.4487992,13.7341704,2023-03-13 18:54:06+00:00,84.84,10712.0
234,AIQ736-1678559880-schedule-0710,298.96,189.08,100.44856639999999,13.7328368,2023-03-13 18:54:07+00:00,85.28,10712.0
235,AIQ736-1678559880-schedule-0710,299.04,188.92,100.4483336,13.7315032,2023-03-13 18:54:08+00:00,85.72,10712.0
236,AIQ736-1678559880-schedule-0710,299.12,188.76,100.44810079999999,13.7301696,2023-03-13 18:54:09+00:00,86.16,10712.0
237,AIQ736-1678559880-schedule-0710,299.2,188.6,100.447868,13.728836,2023-03-13 18:54:10+00:00,86.6,10712.0
238,AIQ736-1678559880-schedule-0710,299.28,188.44,100.4476352,13.7275024,2023-03-13 18:54:11+00:00,87.04,10712.0
239,AIQ736-1678559880-schedule-0710,299.36,188.28,100.44740239999999,13.7261688,2023-03-13 18:54:12+00:00,87.48,10712.0
240,AIQ736-1678559880-schedule-0710,299.44,188.12,100.4471696,13.7248352,2023-03-13 18:54:13+00:00,87.92,10712.0
241,AIQ736-1678559880-schedule-0710,299.52,187.96,100.44693679999999,13.7235016,2023-03-13 18:54:14+00:00,88.36,10712.0
242,AIQ736-1678559880-schedule-0710,299.6,187.8,100.446704,13.722168,2023-03-13 18:54:15+00:00,88.8,10712.0
243,AIQ736-1678559880-schedule-0710,299.68,187.64,100.44647119999999,13.720834400000001,2023-03-13 18:54:16+00:00,89.24,10712.0
244,AIQ736-1678559880-schedule-0710,299.76,187.48,100.4462384,13.7195008,2023-03-13 18:54:17+00:00,89.68,10712.0
245,AIQ736-1678559880-schedule-0710,299.84,187.32,100.44600559999999,13.7181672,2023-03-13 18:54:18+00:00,90.12,10712.0
246,AIQ736-1678559880-schedule-0710,299.92,187.16,100.4457728,13.716833600000001,2023-03-13 18:54:19+00:00,90.56,10712.0
247,AIQ736-1678559880-schedule-0710,300.0,187.0,100.44554,13.7155,2023-03-13 18:54:20+00:00,91.0,10712.0
248,AIQ736-1678559880-schedule-0710,300.1875,185.625,100.445669375,13.71421375,2023-03-13 18:54:21+00:00,91.375,10712.0
249,AIQ736-1678559880-schedule-0710,300.375,184.25,100.44579875,13.712927500000001,2023-03-13 18:54:22+00:00,91.75,10712.0
250,AIQ736-1678559880-schedule-0710,300.5625,182.875,100.445928125,13.71164125,2023-03-13 18:54:23+00:00,92.125,10712.0
251,AIQ736-1678559880-schedule-0710,300.75,181.5,100.4460575,13.710355,2023-03-13 18:54:24+00:00,92.5,10712.0
252,AIQ736-1678559880-schedule-0710,300.9375,180.125,100.446186875,13.70906875,2023-03-13 18:54:25+00:00,92.875,10712.0
253,AIQ736-1678559880-schedule-0710,301.125,178.75,100.44631625,13.7077825,2023-03-13 18:54:26+00:00,93.25,10712.0
254,AIQ736-1678559880-schedule-0710,301.3125,177.375,100.446445625,13.70649625,2023-03-13 18:54:27+00:00,93.625,10712.0
255,AIQ736-1678559880-schedule-0710,301.5,176.0,100.446575,13.705210000000001,2023-03-13 18:54:28+00:00,94.0,10712.0
256,AIQ736-1678559880-schedule-0710,301.6875,174.625,100.446704375,13.70392375,2023-03-13 18:54:29+00:00,94.375,10712.0
257,AIQ736-1678559880-schedule-0710,301.875,173.25,100.44683375,13.7026375,2023-03-13 18:54:30+00:00,94.75,10712.0
258,AIQ736-1678559880-schedule-0710,302.0625,171.875,100.446963125,13.70135125,2023-03-13 18:54:31+00:00,95.125,10712.0
259,AIQ736-1678559880-schedule-0710,302.25,170.5,100.4470925,13.700065,2023-03-13 18:54:32+00:00,95.5,10712.0
260,AIQ736-1678559880-schedule-0710,302.4375,169.125,100.447221875,13.69877875,2023-03-13 18:54:33+00:00,95.875,10712.0
261,AIQ736-1678559880-schedule-0710,302.625,167.75,100.44735125,13.6974925,2023-03-13 18:54:34+00:00,96.25,10712.0
262,AIQ736-1678559880-schedule-0710,302.8125,166.375,100.447480625,13.69620625,2023-03-13 18:54:35+00:00,96.625,10712.0
263,AIQ736-1678559880-schedule-0710,303.0,165.0,100.44761,13.69492,2023-03-13 18:54:36+00:00,97.0,10712.0
