fa_flight_id,groundspeed,heading,longitude,latitude,timestamp,altitude
AIQ3029-1670715240-schedule-0553,177.0,211.0,100.59702,13.89922,2022-12-12 23:42:59+00:00,300.0
AIQ3029-1670715240-schedule-0553,177.0625,210.9375,100.59654375,13.898424375,2022-12-12 23:43:00+00:00,343.75
AIQ3029-1670715240-schedule-0553,177.125,210.875,100.5960675,13.89762875,2022-12-12 23:43:01+00:00,387.5
AIQ3029-1670715240-schedule-0553,177.1875,210.8125,100.59559125,13.896833125,2022-12-12 23:43:02+00:00,431.25
AIQ3029-1670715240-schedule-0553,177.25,210.75,100.595115,13.8960375,2022-12-12 23:43:03+00:00,475.0
AIQ3029-1670715240-schedule-0553,177.3125,210.6875,100.59463875,13.895241875,2022-12-12 23:43:04+00:00,518.75
AIQ3029-1670715240-schedule-0553,177.375,210.625,100.5941625,13.89444625,2022-12-12 23:43:05+00:00,562.5
AIQ3029-1670715240-schedule-0553,177.4375,210.5625,100.59368625,13.893650625,2022-12-12 23:43:06+00:00,606.25
AIQ3029-1670715240-schedule-0553,177.5,210.5,100.59321,13.892855,2022-12-12 23:43:07+00:00,650.0
AIQ3029-1670715240-schedule-0553,177.5625,210.4375,100.59273375,13.892059375,2022-12-12 23:43:08+00:00,693.75
AIQ3029-1670715240-schedule-0553,177.625,210.375,100.5922575,13.89126375,2022-12-12 23:43:09+00:00,737.5
AIQ3029-1670715240-schedule-0553,177.6875,210.3125,100.59178125,13.890468125,2022-12-12 23:43:10+00:00,781.25
AIQ3029-1670715240-schedule-0553,177.75,210.25,100.591305,13.8896725,2022-12-12 23:43:11+00:00,825.0
AIQ3029-1670715240-schedule-0553,177.8125,210.1875,100.59082875,13.888876875,2022-12-12 23:43:12+00:00,868.75
AIQ3029-1670715240-schedule-0553,177.875,210.125,100.5903525,13.88808125,2022-12-12 23:43:13+00:00,912.5
AIQ3029-1670715240-schedule-0553,177.9375,210.0625,100.58987625,13.887285625,2022-12-12 23:43:14+00:00,956.25
AIQ3029-1670715240-schedule-0553,178.0,210.0,100.5894,13.88649,2022-12-12 23:43:15+00:00,1000.0
AIQ3029-1670715240-schedule-0553,178.25,209.9375,100.58900625,13.8858175,2022-12-12 23:43:16+00:00,1025.0
AIQ3029-1670715240-schedule-0553,178.5,209.875,100.5886125,13.885145,2022-12-12 23:43:17+00:00,1050.0
AIQ3029-1670715240-schedule-0553,178.75,209.8125,100.58821875,13.8844725,2022-12-12 23:43:18+00:00,1075.0
AIQ3029-1670715240-schedule-0553,179.0,209.75,100.587825,13.8838,2022-12-12 23:43:19+00:00,1100.0
AIQ3029-1670715240-schedule-0553,179.25,209.6875,100.58743125,13.8831275,2022-12-12 23:43:20+00:00,1125.0
AIQ3029-1670715240-schedule-0553,179.5,209.625,100.5870375,13.882455,2022-12-12 23:43:21+00:00,1150.0
AIQ3029-1670715240-schedule-0553,179.75,209.5625,100.58664375,13.8817825,2022-12-12 23:43:22+00:00,1175.0
AIQ3029-1670715240-schedule-0553,180.0,209.5,100.58625,13.88111,2022-12-12 23:43:23+00:00,1200.0
AIQ3029-1670715240-schedule-0553,180.25,209.4375,100.58585625,13.8804375,2022-12-12 23:43:24+00:00,1225.0
AIQ3029-1670715240-schedule-0553,180.5,209.375,100.5854625,13.879765,2022-12-12 23:43:25+00:00,1250.0
AIQ3029-1670715240-schedule-0553,180.75,209.3125,100.58506875,13.8790925,2022-12-12 23:43:26+00:00,1275.0
AIQ3029-1670715240-schedule-0553,181.0,209.25,100.584675,13.87842,2022-12-12 23:43:27+00:00,1300.0
AIQ3029-1670715240-schedule-0553,181.25,209.1875,100.58428125,13.8777475,2022-12-12 23:43:28+00:00,1325.0
AIQ3029-1670715240-schedule-0553,181.5,209.125,100.5838875,13.877075,2022-12-12 23:43:29+00:00,1350.0
AIQ3029-1670715240-schedule-0553,181.75,209.0625,100.58349375,13.8764025,2022-12-12 23:43:30+00:00,1375.0
AIQ3029-1670715240-schedule-0553,182.0,209.0,100.5831,13.87573,2022-12-12 23:43:31+00:00,1400.0
AIQ3029-1670715240-schedule-0553,182.25,210.1875,100.582549375,13.87500875,2022-12-12 23:43:32+00:00,1443.75
AIQ3029-1670715240-schedule-0553,182.5,211.375,100.58199875,13.8742875,2022-12-12 23:43:33+00:00,1487.5
AIQ3029-1670715240-schedule-0553,182.75,212.5625,100.581448125,13.87356625,2022-12-12 23:43:34+00:00,1531.25
AIQ3029-1670715240-schedule-0553,183.0,213.75,100.5808975,13.872845000000002,2022-12-12 23:43:35+00:00,1575.0
AIQ3029-1670715240-schedule-0553,183.25,214.9375,100.580346875,13.87212375,2022-12-12 23:43:36+00:00,1618.75
AIQ3029-1670715240-schedule-0553,183.5,216.125,100.57979625,13.8714025,2022-12-12 23:43:37+00:00,1662.5
AIQ3029-1670715240-schedule-0553,183.75,217.3125,100.579245625,13.87068125,2022-12-12 23:43:38+00:00,1706.25
AIQ3029-1670715240-schedule-0553,184.0,218.5,100.578695,13.86996,2022-12-12 23:43:39+00:00,1750.0
AIQ3029-1670715240-schedule-0553,184.25,219.6875,100.578144375,13.86923875,2022-12-12 23:43:40+00:00,1793.75
AIQ3029-1670715240-schedule-0553,184.5,220.875,100.57759375,13.8685175,2022-12-12 23:43:41+00:00,1837.5
AIQ3029-1670715240-schedule-0553,184.75,222.0625,100.577043125,13.86779625,2022-12-12 23:43:42+00:00,1881.25
AIQ3029-1670715240-schedule-0553,185.0,223.25,100.5764925,13.867075,2022-12-12 23:43:43+00:00,1925.0
AIQ3029-1670715240-schedule-0553,185.25,224.4375,100.575941875,13.86635375,2022-12-12 23:43:44+00:00,1968.75
AIQ3029-1670715240-schedule-0553,185.5,225.625,100.57539125,13.8656325,2022-12-12 23:43:45+00:00,2012.5
AIQ3029-1670715240-schedule-0553,185.75,226.8125,100.574840625,13.86491125,2022-12-12 23:43:46+00:00,2056.25
AIQ3029-1670715240-schedule-0553,186.0,228.0,100.57429,13.86419,2022-12-12 23:43:47+00:00,2100.0
AIQ3029-1670715240-schedule-0553,186.3125,230.6875,100.57345875,13.8639425,2022-12-12 23:43:48+00:00,2131.25
AIQ3029-1670715240-schedule-0553,186.625,233.375,100.5726275,13.863695,2022-12-12 23:43:49+00:00,2162.5
AIQ3029-1670715240-schedule-0553,186.9375,236.0625,100.57179625,13.8634475,2022-12-12 23:43:50+00:00,2193.75
AIQ3029-1670715240-schedule-0553,187.25,238.75,100.570965,13.8632,2022-12-12 23:43:51+00:00,2225.0
AIQ3029-1670715240-schedule-0553,187.5625,241.4375,100.57013375,13.8629525,2022-12-12 23:43:52+00:00,2256.25
AIQ3029-1670715240-schedule-0553,187.875,244.125,100.5693025,13.862705,2022-12-12 23:43:53+00:00,2287.5
AIQ3029-1670715240-schedule-0553,188.1875,246.8125,100.56847125,13.8624575,2022-12-12 23:43:54+00:00,2318.75
AIQ3029-1670715240-schedule-0553,188.5,249.5,100.56764,13.86221,2022-12-12 23:43:55+00:00,2350.0
AIQ3029-1670715240-schedule-0553,188.8125,252.1875,100.56680875,13.8619625,2022-12-12 23:43:56+00:00,2381.25
AIQ3029-1670715240-schedule-0553,189.125,254.875,100.5659775,13.861715,2022-12-12 23:43:57+00:00,2412.5
AIQ3029-1670715240-schedule-0553,189.4375,257.5625,100.56514625,13.8614675,2022-12-12 23:43:58+00:00,2443.75
AIQ3029-1670715240-schedule-0553,189.75,260.25,100.564315,13.86122,2022-12-12 23:43:59+00:00,2475.0
AIQ3029-1670715240-schedule-0553,190.0625,262.9375,100.56348375,13.8609725,2022-12-12 23:44:00+00:00,2506.25
AIQ3029-1670715240-schedule-0553,190.375,265.625,100.5626525,13.860725,2022-12-12 23:44:01+00:00,2537.5
AIQ3029-1670715240-schedule-0553,190.6875,268.3125,100.56182125,13.8604775,2022-12-12 23:44:02+00:00,2568.75
AIQ3029-1670715240-schedule-0553,191.0,271.0,100.56099,13.86023,2022-12-12 23:44:03+00:00,2600.0
AIQ3029-1670715240-schedule-0553,191.20689655172413,271.9655172413793,100.56021068965518,13.860572068965515,2022-12-12 23:44:04+00:00,2624.137931034483
AIQ3029-1670715240-schedule-0553,191.41379310344828,272.9310344827586,100.55943137931035,13.860914137931037,2022-12-12 23:44:05+00:00,2648.275862068965
AIQ3029-1670715240-schedule-0553,191.6206896551724,273.8965517241379,100.55865206896551,13.86125620689655,2022-12-12 23:44:06+00:00,2672.4137931034484
AIQ3029-1670715240-schedule-0553,191.8275862068965,274.86206896551727,100.55787275862068,13.861598275862068,2022-12-12 23:44:07+00:00,2696.551724137931
AIQ3029-1670715240-schedule-0553,192.0344827586207,275.82758620689657,100.55709344827586,13.861940344827586,2022-12-12 23:44:08+00:00,2720.689655172414
AIQ3029-1670715240-schedule-0553,192.24137931034485,276.7931034482759,100.55631413793104,13.862282413793103,2022-12-12 23:44:09+00:00,2744.8275862068963
AIQ3029-1670715240-schedule-0553,192.44827586206893,277.7586206896552,100.5555348275862,13.86262448275862,2022-12-12 23:44:10+00:00,2768.9655172413795
AIQ3029-1670715240-schedule-0553,192.6551724137931,278.7241379310345,100.5547555172414,13.862966551724138,2022-12-12 23:44:11+00:00,2793.103448275862
AIQ3029-1670715240-schedule-0553,192.86206896551724,279.6896551724138,100.55397620689656,13.863308620689654,2022-12-12 23:44:12+00:00,2817.2413793103447
AIQ3029-1670715240-schedule-0553,193.06896551724137,280.6551724137931,100.55319689655173,13.863650689655172,2022-12-12 23:44:13+00:00,2841.379310344828
AIQ3029-1670715240-schedule-0553,193.27586206896552,281.62068965517244,100.5524175862069,13.86399275862069,2022-12-12 23:44:14+00:00,2865.5172413793102
AIQ3029-1670715240-schedule-0553,193.48275862068965,282.58620689655174,100.55163827586208,13.864334827586209,2022-12-12 23:44:15+00:00,2889.655172413793
AIQ3029-1670715240-schedule-0553,193.68965517241375,283.55172413793105,100.55085896551724,13.864676896551725,2022-12-12 23:44:16+00:00,2913.7931034482763
AIQ3029-1670715240-schedule-0553,193.89655172413796,284.51724137931035,100.55007965517242,13.865018965517242,2022-12-12 23:44:17+00:00,2937.9310344827586
AIQ3029-1670715240-schedule-0553,194.1034482758621,285.48275862068965,100.5493003448276,13.865361034482758,2022-12-12 23:44:18+00:00,2962.0689655172414
AIQ3029-1670715240-schedule-0553,194.31034482758625,286.4482758620689,100.54852103448276,13.865703103448276,2022-12-12 23:44:19+00:00,2986.2068965517237
AIQ3029-1670715240-schedule-0553,194.51724137931035,287.41379310344826,100.54774172413794,13.866045172413791,2022-12-12 23:44:20+00:00,3010.344827586207
AIQ3029-1670715240-schedule-0553,194.72413793103448,288.3793103448276,100.54696241379312,13.86638724137931,2022-12-12 23:44:21+00:00,3034.4827586206898
AIQ3029-1670715240-schedule-0553,194.93103448275863,289.3448275862069,100.54618310344829,13.866729310344828,2022-12-12 23:44:22+00:00,3058.620689655172
AIQ3029-1670715240-schedule-0553,195.1379310344828,290.3103448275862,100.54540379310346,13.867071379310346,2022-12-12 23:44:23+00:00,3082.7586206896553
AIQ3029-1670715240-schedule-0553,195.3448275862069,291.2758620689655,100.54462448275862,13.867413448275862,2022-12-12 23:44:24+00:00,3106.896551724138
AIQ3029-1670715240-schedule-0553,195.55172413793105,292.2413793103448,100.5438451724138,13.86775551724138,2022-12-12 23:44:25+00:00,3131.0344827586205
AIQ3029-1670715240-schedule-0553,195.7586206896552,293.2068965517241,100.54306586206896,13.868097586206895,2022-12-12 23:44:26+00:00,3155.1724137931037
AIQ3029-1670715240-schedule-0553,195.9655172413793,294.17241379310343,100.54228655172416,13.868439655172416,2022-12-12 23:44:27+00:00,3179.310344827586
AIQ3029-1670715240-schedule-0553,196.17241379310343,295.13793103448273,100.54150724137932,13.868781724137932,2022-12-12 23:44:28+00:00,3203.448275862069
AIQ3029-1670715240-schedule-0553,196.3793103448276,296.1034482758621,100.5407279310345,13.86912379310345,2022-12-12 23:44:29+00:00,3227.5862068965525
AIQ3029-1670715240-schedule-0553,196.5862068965517,297.0689655172414,100.53994862068966,13.869465862068964,2022-12-12 23:44:30+00:00,3251.724137931035
AIQ3029-1670715240-schedule-0553,196.79310344827587,298.0344827586207,100.53916931034485,13.869807931034485,2022-12-12 23:44:31+00:00,3275.862068965517
AIQ3029-1670715240-schedule-0553,197.0,299.0,100.53839,13.87015,2022-12-12 23:44:32+00:00,3300.0
AIQ3029-1670715240-schedule-0553,198.5,298.93333333333334,100.537452,13.870637,2022-12-12 23:44:33+00:00,3313.3333333333335
AIQ3029-1670715240-schedule-0553,200.0,298.8666666666667,100.536514,13.871124,2022-12-12 23:44:34+00:00,3326.6666666666665
AIQ3029-1670715240-schedule-0553,201.5,298.8,100.535576,13.871611,2022-12-12 23:44:35+00:00,3340.0
AIQ3029-1670715240-schedule-0553,203.0,298.7333333333333,100.534638,13.872098,2022-12-12 23:44:36+00:00,3353.333333333333
AIQ3029-1670715240-schedule-0553,204.5,298.6666666666667,100.5337,13.872585,2022-12-12 23:44:37+00:00,3366.6666666666665
AIQ3029-1670715240-schedule-0553,206.0,298.6,100.532762,13.873072,2022-12-12 23:44:38+00:00,3379.9999999999995
AIQ3029-1670715240-schedule-0553,207.5,298.53333333333336,100.531824,13.873559,2022-12-12 23:44:39+00:00,3393.333333333333
AIQ3029-1670715240-schedule-0553,209.0,298.46666666666664,100.530886,13.874046,2022-12-12 23:44:40+00:00,3406.666666666667
AIQ3029-1670715240-schedule-0553,210.5,298.4,100.529948,13.874533,2022-12-12 23:44:41+00:00,3420.0000000000005
AIQ3029-1670715240-schedule-0553,212.0,298.3333333333333,100.52901,13.87502,2022-12-12 23:44:42+00:00,3433.3333333333335
AIQ3029-1670715240-schedule-0553,213.5,298.26666666666665,100.528072,13.875507,2022-12-12 23:44:43+00:00,3446.666666666667
AIQ3029-1670715240-schedule-0553,215.0,298.2,100.527134,13.875994,2022-12-12 23:44:44+00:00,3460.0
AIQ3029-1670715240-schedule-0553,216.5,298.1333333333333,100.526196,13.876481,2022-12-12 23:44:45+00:00,3473.3333333333335
AIQ3029-1670715240-schedule-0553,218.0,298.06666666666666,100.525258,13.876968,2022-12-12 23:44:46+00:00,3486.6666666666665
AIQ3029-1670715240-schedule-0553,219.5,298.0,100.52432,13.877455,2022-12-12 23:44:47+00:00,3500.0
AIQ3029-1670715240-schedule-0553,221.0,297.93333333333334,100.523382,13.877942,2022-12-12 23:44:48+00:00,3513.3333333333335
AIQ3029-1670715240-schedule-0553,222.5,297.8666666666667,100.522444,13.878429,2022-12-12 23:44:49+00:00,3526.6666666666665
AIQ3029-1670715240-schedule-0553,224.0,297.8,100.521506,13.878916,2022-12-12 23:44:50+00:00,3540.0
AIQ3029-1670715240-schedule-0553,225.5,297.7333333333333,100.520568,13.879403,2022-12-12 23:44:51+00:00,3553.333333333333
AIQ3029-1670715240-schedule-0553,227.0,297.6666666666667,100.51963,13.87989,2022-12-12 23:44:52+00:00,3566.6666666666665
AIQ3029-1670715240-schedule-0553,228.5,297.6,100.518692,13.880377,2022-12-12 23:44:53+00:00,3579.9999999999995
AIQ3029-1670715240-schedule-0553,230.0,297.53333333333336,100.517754,13.880864,2022-12-12 23:44:54+00:00,3593.333333333334
AIQ3029-1670715240-schedule-0553,231.5,297.46666666666664,100.516816,13.881351,2022-12-12 23:44:55+00:00,3606.666666666667
AIQ3029-1670715240-schedule-0553,233.0,297.4,100.515878,13.881838,2022-12-12 23:44:56+00:00,3620.0000000000005
AIQ3029-1670715240-schedule-0553,234.5,297.3333333333333,100.51494,13.882325,2022-12-12 23:44:57+00:00,3633.3333333333335
AIQ3029-1670715240-schedule-0553,236.0,297.26666666666665,100.514002,13.882812,2022-12-12 23:44:58+00:00,3646.666666666667
AIQ3029-1670715240-schedule-0553,237.5,297.2,100.513064,13.883299,2022-12-12 23:44:59+00:00,3660.0
AIQ3029-1670715240-schedule-0553,239.0,297.1333333333333,100.512126,13.883786,2022-12-12 23:45:00+00:00,3673.3333333333326
AIQ3029-1670715240-schedule-0553,240.5,297.06666666666666,100.511188,13.884273,2022-12-12 23:45:01+00:00,3686.6666666666665
AIQ3029-1670715240-schedule-0553,242.0,297.0,100.51025,13.88476,2022-12-12 23:45:02+00:00,3700.0
AIQ3029-1670715240-schedule-0553,242.5,296.96666666666664,100.50913166666666,13.885287666666668,2022-12-12 23:45:03+00:00,3743.333333333333
AIQ3029-1670715240-schedule-0553,243.0,296.93333333333334,100.50801333333334,13.885815333333332,2022-12-12 23:45:04+00:00,3786.6666666666665
AIQ3029-1670715240-schedule-0553,243.5,296.9,100.506895,13.886343,2022-12-12 23:45:05+00:00,3829.9999999999995
AIQ3029-1670715240-schedule-0553,244.0,296.8666666666667,100.50577666666666,13.886870666666669,2022-12-12 23:45:06+00:00,3873.3333333333326
AIQ3029-1670715240-schedule-0553,244.5,296.8333333333333,100.50465833333334,13.887398333333334,2022-12-12 23:45:07+00:00,3916.6666666666656
AIQ3029-1670715240-schedule-0553,245.0,296.8,100.50354,13.887926,2022-12-12 23:45:08+00:00,3960.0
AIQ3029-1670715240-schedule-0553,245.5,296.76666666666665,100.50242166666666,13.888453666666669,2022-12-12 23:45:09+00:00,4003.333333333333
AIQ3029-1670715240-schedule-0553,246.0,296.7333333333333,100.50130333333333,13.888981333333334,2022-12-12 23:45:10+00:00,4046.666666666667
AIQ3029-1670715240-schedule-0553,246.5,296.7,100.500185,13.889509,2022-12-12 23:45:11+00:00,4090.0
AIQ3029-1670715240-schedule-0553,247.0,296.6666666666667,100.49906666666666,13.890036666666669,2022-12-12 23:45:12+00:00,4133.333333333334
AIQ3029-1670715240-schedule-0553,247.5,296.6333333333333,100.49794833333333,13.890564333333334,2022-12-12 23:45:13+00:00,4176.666666666667
AIQ3029-1670715240-schedule-0553,248.0,296.6,100.49683,13.891092,2022-12-12 23:45:14+00:00,4220.0
AIQ3029-1670715240-schedule-0553,248.5,296.56666666666666,100.49571166666666,13.891619666666667,2022-12-12 23:45:15+00:00,4263.333333333333
AIQ3029-1670715240-schedule-0553,249.0,296.53333333333336,100.49459333333331,13.892147333333334,2022-12-12 23:45:16+00:00,4306.666666666666
AIQ3029-1670715240-schedule-0553,249.5,296.5,100.493475,13.892675,2022-12-12 23:45:17+00:00,4350.0
AIQ3029-1670715240-schedule-0553,250.0,296.46666666666664,100.49235666666668,13.893202666666664,2022-12-12 23:45:18+00:00,4393.333333333334
AIQ3029-1670715240-schedule-0553,250.5,296.43333333333334,100.49123833333331,13.893730333333332,2022-12-12 23:45:19+00:00,4436.666666666667
AIQ3029-1670715240-schedule-0553,251.0,296.4,100.49012,13.894258,2022-12-12 23:45:20+00:00,4480.0
AIQ3029-1670715240-schedule-0553,251.5,296.3666666666667,100.48900166666668,13.894785666666666,2022-12-12 23:45:21+00:00,4523.333333333333
AIQ3029-1670715240-schedule-0553,252.0,296.3333333333333,100.48788333333331,13.895313333333332,2022-12-12 23:45:22+00:00,4566.666666666666
AIQ3029-1670715240-schedule-0553,252.5,296.3,100.486765,13.895841,2022-12-12 23:45:23+00:00,4610.0
AIQ3029-1670715240-schedule-0553,253.0,296.26666666666665,100.48564666666668,13.896368666666666,2022-12-12 23:45:24+00:00,4653.333333333333
AIQ3029-1670715240-schedule-0553,253.5,296.2333333333333,100.48452833333332,13.896896333333332,2022-12-12 23:45:25+00:00,4696.666666666667
AIQ3029-1670715240-schedule-0553,254.0,296.2,100.48341,13.897424,2022-12-12 23:45:26+00:00,4740.0
AIQ3029-1670715240-schedule-0553,254.5,296.1666666666667,100.48229166666668,13.897951666666666,2022-12-12 23:45:27+00:00,4783.333333333334
AIQ3029-1670715240-schedule-0553,255.0,296.1333333333333,100.48117333333332,13.898479333333333,2022-12-12 23:45:28+00:00,4826.666666666667
AIQ3029-1670715240-schedule-0553,255.5,296.1,100.480055,13.899007,2022-12-12 23:45:29+00:00,4870.0
AIQ3029-1670715240-schedule-0553,256.0,296.06666666666666,100.47893666666666,13.899534666666666,2022-12-12 23:45:30+00:00,4913.333333333333
AIQ3029-1670715240-schedule-0553,256.5,296.03333333333336,100.47781833333332,13.900062333333333,2022-12-12 23:45:31+00:00,4956.666666666666
AIQ3029-1670715240-schedule-0553,257.0,296.0,100.4767,13.90059,2022-12-12 23:45:32+00:00,5000.0
AIQ3029-1670715240-schedule-0553,257.06666666666666,296.03333333333336,100.475618,13.90111,2022-12-12 23:45:33+00:00,5050.0
AIQ3029-1670715240-schedule-0553,257.1333333333333,296.06666666666666,100.474536,13.90163,2022-12-12 23:45:34+00:00,5100.0
AIQ3029-1670715240-schedule-0553,257.2,296.1,100.473454,13.90215,2022-12-12 23:45:35+00:00,5150.0
AIQ3029-1670715240-schedule-0553,257.26666666666665,296.1333333333333,100.472372,13.90267,2022-12-12 23:45:36+00:00,5200.0
AIQ3029-1670715240-schedule-0553,257.3333333333333,296.1666666666667,100.47129,13.90319,2022-12-12 23:45:37+00:00,5250.0
AIQ3029-1670715240-schedule-0553,257.4,296.2,100.470208,13.90371,2022-12-12 23:45:38+00:00,5300.0
AIQ3029-1670715240-schedule-0553,257.46666666666664,296.2333333333333,100.469126,13.90423,2022-12-12 23:45:39+00:00,5350.0
AIQ3029-1670715240-schedule-0553,257.53333333333336,296.26666666666665,100.468044,13.90475,2022-12-12 23:45:40+00:00,5400.0
AIQ3029-1670715240-schedule-0553,257.6,296.3,100.466962,13.90527,2022-12-12 23:45:41+00:00,5450.0
AIQ3029-1670715240-schedule-0553,257.6666666666667,296.3333333333333,100.46588,13.90579,2022-12-12 23:45:42+00:00,5500.0
AIQ3029-1670715240-schedule-0553,257.7333333333333,296.3666666666667,100.464798,13.90631,2022-12-12 23:45:43+00:00,5550.0
AIQ3029-1670715240-schedule-0553,257.8,296.4,100.463716,13.90683,2022-12-12 23:45:44+00:00,5600.0
AIQ3029-1670715240-schedule-0553,257.8666666666667,296.43333333333334,100.462634,13.90735,2022-12-12 23:45:45+00:00,5650.0
AIQ3029-1670715240-schedule-0553,257.93333333333334,296.46666666666664,100.461552,13.90787,2022-12-12 23:45:46+00:00,5700.0
AIQ3029-1670715240-schedule-0553,258.0,296.5,100.46047,13.90839,2022-12-12 23:45:47+00:00,5750.0
AIQ3029-1670715240-schedule-0553,258.06666666666666,296.53333333333336,100.459388,13.90891,2022-12-12 23:45:48+00:00,5800.0
AIQ3029-1670715240-schedule-0553,258.1333333333333,296.56666666666666,100.458306,13.90943,2022-12-12 23:45:49+00:00,5850.0
AIQ3029-1670715240-schedule-0553,258.2,296.6,100.457224,13.90995,2022-12-12 23:45:50+00:00,5900.0
AIQ3029-1670715240-schedule-0553,258.26666666666665,296.6333333333333,100.456142,13.91047,2022-12-12 23:45:51+00:00,5950.0
AIQ3029-1670715240-schedule-0553,258.3333333333333,296.6666666666667,100.45506,13.91099,2022-12-12 23:45:52+00:00,6000.0
AIQ3029-1670715240-schedule-0553,258.4,296.7,100.453978,13.91151,2022-12-12 23:45:53+00:00,6050.0
AIQ3029-1670715240-schedule-0553,258.46666666666664,296.7333333333333,100.452896,13.91203,2022-12-12 23:45:54+00:00,6100.0
AIQ3029-1670715240-schedule-0553,258.53333333333336,296.76666666666665,100.451814,13.91255,2022-12-12 23:45:55+00:00,6150.0
AIQ3029-1670715240-schedule-0553,258.6,296.8,100.450732,13.91307,2022-12-12 23:45:56+00:00,6200.0
AIQ3029-1670715240-schedule-0553,258.6666666666667,296.8333333333333,100.44965,13.91359,2022-12-12 23:45:57+00:00,6250.0
AIQ3029-1670715240-schedule-0553,258.7333333333333,296.8666666666667,100.448568,13.91411,2022-12-12 23:45:58+00:00,6300.0
AIQ3029-1670715240-schedule-0553,258.8,296.9,100.447486,13.91463,2022-12-12 23:45:59+00:00,6350.0
AIQ3029-1670715240-schedule-0553,258.8666666666667,296.93333333333334,100.446404,13.91515,2022-12-12 23:46:00+00:00,6400.0
AIQ3029-1670715240-schedule-0553,258.93333333333334,296.96666666666664,100.445322,13.91567,2022-12-12 23:46:01+00:00,6450.0
AIQ3029-1670715240-schedule-0553,259.0,297.0,100.44424,13.91619,2022-12-12 23:46:02+00:00,6500.0
AIQ3029-1670715240-schedule-0553,259.1666666666667,296.72222222222223,100.44307,13.916724444444444,2022-12-12 23:46:03+00:00,6544.444444444444
AIQ3029-1670715240-schedule-0553,259.3333333333333,296.44444444444446,100.4419,13.91725888888889,2022-12-12 23:46:04+00:00,6588.888888888889
AIQ3029-1670715240-schedule-0553,259.5,296.1666666666667,100.44073,13.917793333333334,2022-12-12 23:46:05+00:00,6633.333333333333
AIQ3029-1670715240-schedule-0553,259.6666666666667,295.8888888888889,100.43956,13.918327777777778,2022-12-12 23:46:06+00:00,6677.777777777777
AIQ3029-1670715240-schedule-0553,259.8333333333333,295.6111111111111,100.43839,13.918862222222222,2022-12-12 23:46:07+00:00,6722.222222222223
AIQ3029-1670715240-schedule-0553,260.0,295.3333333333333,100.43722,13.919396666666668,2022-12-12 23:46:08+00:00,6766.666666666667
AIQ3029-1670715240-schedule-0553,260.1666666666667,295.05555555555554,100.43605,13.919931111111111,2022-12-12 23:46:09+00:00,6811.111111111111
AIQ3029-1670715240-schedule-0553,260.3333333333333,294.77777777777777,100.43488,13.920465555555555,2022-12-12 23:46:10+00:00,6855.555555555556
AIQ3029-1670715240-schedule-0553,260.5,294.5,100.43371,13.921,2022-12-12 23:46:11+00:00,6900.0
AIQ3029-1670715240-schedule-0553,260.6666666666667,294.22222222222223,100.43254,13.921534444444443,2022-12-12 23:46:12+00:00,6944.444444444444
AIQ3029-1670715240-schedule-0553,260.8333333333333,293.94444444444446,100.43137,13.922068888888887,2022-12-12 23:46:13+00:00,6988.888888888889
AIQ3029-1670715240-schedule-0553,261.0,293.6666666666667,100.4302,13.922603333333331,2022-12-12 23:46:14+00:00,7033.333333333333
AIQ3029-1670715240-schedule-0553,261.1666666666667,293.3888888888889,100.42903,13.92313777777778,2022-12-12 23:46:15+00:00,7077.777777777777
AIQ3029-1670715240-schedule-0553,261.3333333333333,293.1111111111111,100.42786,13.923672222222224,2022-12-12 23:46:16+00:00,7122.222222222223
AIQ3029-1670715240-schedule-0553,261.5,292.8333333333333,100.42669,13.924206666666668,2022-12-12 23:46:17+00:00,7166.666666666667
AIQ3029-1670715240-schedule-0553,261.6666666666667,292.55555555555554,100.42552,13.92474111111111,2022-12-12 23:46:18+00:00,7211.111111111111
AIQ3029-1670715240-schedule-0553,261.8333333333333,292.27777777777777,100.42435,13.925275555555556,2022-12-12 23:46:19+00:00,7255.555555555556
AIQ3029-1670715240-schedule-0553,262.0,292.0,100.42318,13.92581,2022-12-12 23:46:20+00:00,7300.0
AIQ3029-1670715240-schedule-0553,263.1875,290.1875,100.42192125,13.925941875,2022-12-12 23:46:21+00:00,7331.25
AIQ3029-1670715240-schedule-0553,264.375,288.375,100.4206625,13.92607375,2022-12-12 23:46:22+00:00,7362.5
AIQ3029-1670715240-schedule-0553,265.5625,286.5625,100.41940375,13.926205625,2022-12-12 23:46:23+00:00,7393.75
AIQ3029-1670715240-schedule-0553,266.75,284.75,100.418145,13.9263375,2022-12-12 23:46:24+00:00,7425.0
AIQ3029-1670715240-schedule-0553,267.9375,282.9375,100.41688625,13.926469375,2022-12-12 23:46:25+00:00,7456.25
AIQ3029-1670715240-schedule-0553,269.125,281.125,100.4156275,13.92660125,2022-12-12 23:46:26+00:00,7487.5
AIQ3029-1670715240-schedule-0553,270.3125,279.3125,100.41436875,13.926733125,2022-12-12 23:46:27+00:00,7518.75
AIQ3029-1670715240-schedule-0553,271.5,277.5,100.41311,13.926865,2022-12-12 23:46:28+00:00,7550.0
AIQ3029-1670715240-schedule-0553,272.6875,275.6875,100.41185125,13.926996875,2022-12-12 23:46:29+00:00,7581.25
AIQ3029-1670715240-schedule-0553,273.875,273.875,100.4105925,13.92712875,2022-12-12 23:46:30+00:00,7612.5
AIQ3029-1670715240-schedule-0553,275.0625,272.0625,100.40933375,13.927260625,2022-12-12 23:46:31+00:00,7643.75
AIQ3029-1670715240-schedule-0553,276.25,270.25,100.408075,13.9273925,2022-12-12 23:46:32+00:00,7675.0
AIQ3029-1670715240-schedule-0553,277.4375,268.4375,100.40681625,13.927524375,2022-12-12 23:46:33+00:00,7706.25
AIQ3029-1670715240-schedule-0553,278.625,266.625,100.4055575,13.92765625,2022-12-12 23:46:34+00:00,7737.5
AIQ3029-1670715240-schedule-0553,279.8125,264.8125,100.40429875,13.927788125,2022-12-12 23:46:35+00:00,7768.75
AIQ3029-1670715240-schedule-0553,281.0,263.0,100.40304,13.92792,2022-12-12 23:46:36+00:00,7800.0
AIQ3029-1670715240-schedule-0553,281.95652173913044,261.69565217391306,100.40177260869564,13.927276086956525,2022-12-12 23:46:37+00:00,7826.086956521739
AIQ3029-1670715240-schedule-0553,282.9130434782609,260.39130434782606,100.40050521739133,13.926632173913044,2022-12-12 23:46:38+00:00,7852.173913043478
AIQ3029-1670715240-schedule-0553,283.8695652173913,259.0869565217391,100.39923782608696,13.925988260869566,2022-12-12 23:46:39+00:00,7878.260869565217
AIQ3029-1670715240-schedule-0553,284.8260869565217,257.7826086956522,100.3979704347826,13.925344347826089,2022-12-12 23:46:40+00:00,7904.347826086956
AIQ3029-1670715240-schedule-0553,285.7826086956522,256.4782608695652,100.39670304347828,13.92470043478261,2022-12-12 23:46:41+00:00,7930.434782608695
AIQ3029-1670715240-schedule-0553,286.7391304347826,255.17391304347825,100.39543565217392,13.92405652173913,2022-12-12 23:46:42+00:00,7956.521739130434
AIQ3029-1670715240-schedule-0553,287.69565217391306,253.8695652173913,100.39416826086956,13.923412608695651,2022-12-12 23:46:43+00:00,7982.608695652173
AIQ3029-1670715240-schedule-0553,288.6521739130435,252.56521739130437,100.39290086956522,13.922768695652174,2022-12-12 23:46:44+00:00,8008.695652173912
AIQ3029-1670715240-schedule-0553,289.60869565217394,251.26086956521735,100.39163347826089,13.922124782608696,2022-12-12 23:46:45+00:00,8034.782608695652
AIQ3029-1670715240-schedule-0553,290.5652173913044,249.95652173913044,100.39036608695652,13.921480869565215,2022-12-12 23:46:46+00:00,8060.869565217391
AIQ3029-1670715240-schedule-0553,291.5217391304348,248.65217391304347,100.38909869565218,13.92083695652174,2022-12-12 23:46:47+00:00,8086.95652173913
AIQ3029-1670715240-schedule-0553,292.47826086956525,247.34782608695653,100.38783130434784,13.92019304347826,2022-12-12 23:46:48+00:00,8113.04347826087
AIQ3029-1670715240-schedule-0553,293.4347826086956,246.0434782608696,100.38656391304347,13.919549130434785,2022-12-12 23:46:49+00:00,8139.130434782609
AIQ3029-1670715240-schedule-0553,294.39130434782606,244.73913043478265,100.38529652173914,13.918905217391304,2022-12-12 23:46:50+00:00,8165.217391304348
AIQ3029-1670715240-schedule-0553,295.3478260869565,243.43478260869568,100.38402913043478,13.918261304347826,2022-12-12 23:46:51+00:00,8191.304347826088
AIQ3029-1670715240-schedule-0553,296.30434782608694,242.1304347826087,100.38276173913044,13.917617391304349,2022-12-12 23:46:52+00:00,8217.391304347826
AIQ3029-1670715240-schedule-0553,297.2608695652174,240.82608695652172,100.38149434782608,13.91697347826087,2022-12-12 23:46:53+00:00,8243.478260869566
AIQ3029-1670715240-schedule-0553,298.2173913043478,239.5217391304348,100.38022695652174,13.91632956521739,2022-12-12 23:46:54+00:00,8269.565217391304
AIQ3029-1670715240-schedule-0553,299.17391304347825,238.2173913043478,100.3789595652174,13.915685652173911,2022-12-12 23:46:55+00:00,8295.652173913044
AIQ3029-1670715240-schedule-0553,300.1304347826087,236.91304347826087,100.37769217391303,13.915041739130434,2022-12-12 23:46:56+00:00,8321.739130434782
AIQ3029-1670715240-schedule-0553,301.0869565217391,235.6086956521739,100.3764247826087,13.914397826086956,2022-12-12 23:46:57+00:00,8347.826086956522
AIQ3029-1670715240-schedule-0553,302.0434782608696,234.30434782608697,100.37515739130436,13.913753913043475,2022-12-12 23:46:58+00:00,8373.91304347826
AIQ3029-1670715240-schedule-0553,303.0,233.0,100.37389,13.91311,2022-12-12 23:46:59+00:00,8400.0
AIQ3029-1670715240-schedule-0553,302.94736842105266,233.0,100.37270789473683,13.91219894736842,2022-12-12 23:47:00+00:00,8447.368421052632
AIQ3029-1670715240-schedule-0553,302.89473684210526,233.0,100.37152578947368,13.911287894736844,2022-12-12 23:47:01+00:00,8494.736842105263
AIQ3029-1670715240-schedule-0553,302.8421052631579,233.0,100.37034368421052,13.910376842105263,2022-12-12 23:47:02+00:00,8542.105263157895
AIQ3029-1670715240-schedule-0553,302.7894736842105,233.0,100.36916157894736,13.909465789473684,2022-12-12 23:47:03+00:00,8589.473684210527
AIQ3029-1670715240-schedule-0553,302.7368421052632,233.0,100.36797947368422,13.908554736842104,2022-12-12 23:47:04+00:00,8636.842105263158
AIQ3029-1670715240-schedule-0553,302.6842105263158,233.0,100.36679736842105,13.907643684210528,2022-12-12 23:47:05+00:00,8684.210526315788
AIQ3029-1670715240-schedule-0553,302.63157894736844,233.0,100.36561526315788,13.906732631578947,2022-12-12 23:47:06+00:00,8731.57894736842
AIQ3029-1670715240-schedule-0553,302.57894736842104,233.0,100.36443315789474,13.905821578947368,2022-12-12 23:47:07+00:00,8778.947368421052
AIQ3029-1670715240-schedule-0553,302.5263157894737,233.0,100.36325105263158,13.904910526315788,2022-12-12 23:47:08+00:00,8826.315789473685
AIQ3029-1670715240-schedule-0553,302.4736842105263,233.0,100.3620689473684,13.90399947368421,2022-12-12 23:47:09+00:00,8873.684210526315
AIQ3029-1670715240-schedule-0553,302.42105263157896,233.0,100.36088684210526,13.903088421052631,2022-12-12 23:47:10+00:00,8921.052631578948
AIQ3029-1670715240-schedule-0553,302.3684210526316,233.0,100.3597047368421,13.902177368421052,2022-12-12 23:47:11+00:00,8968.42105263158
AIQ3029-1670715240-schedule-0553,302.3157894736842,233.0,100.35852263157896,13.901266315789472,2022-12-12 23:47:12+00:00,9015.789473684212
AIQ3029-1670715240-schedule-0553,302.2631578947368,233.0,100.35734052631578,13.900355263157897,2022-12-12 23:47:13+00:00,9063.157894736842
AIQ3029-1670715240-schedule-0553,302.2105263157895,233.0,100.35615842105264,13.899444210526315,2022-12-12 23:47:14+00:00,9110.526315789473
AIQ3029-1670715240-schedule-0553,302.1578947368421,233.0,100.35497631578949,13.898533157894736,2022-12-12 23:47:15+00:00,9157.894736842103
AIQ3029-1670715240-schedule-0553,302.10526315789474,233.0,100.35379421052632,13.897622105263157,2022-12-12 23:47:16+00:00,9205.263157894735
AIQ3029-1670715240-schedule-0553,302.05263157894734,233.0,100.35261210526316,13.89671105263158,2022-12-12 23:47:17+00:00,9252.631578947368
AIQ3029-1670715240-schedule-0553,302.0,233.0,100.35143,13.8958,2022-12-12 23:47:18+00:00,9300.0
